Development Period,Age to Age Factor,Cumulative Dev Factor
1,-,3.211064374312441
2,2.2550,1.4240028949497074
3,1.1501,1.238171782278071
4,1.1220,1.1035379379817258
5,1.0714,1.030011598257465
6,1.0089,1.020904255319149
7,1.0009,1.02
8,1.0000,1.02
9,1.0000,1.02
10,nan,1.02
Ultimate,1.0200,1.0
